{
  "_schema_version": "1.0",
  "_description": "GCL geometric field state",
  "_saved_at": "2026-04-15T04:09:44.407252+00:00",
  "_session_count": 1,
  "_total_prompts_processed": 15,
  "fold_line": {
    "spin_phase": 4.204311,
    "spin_sign": 1,
    "coupling_accumulator": 0.49846497395833333,
    "field_persistence": 1.0,
    "field_alignment": 1.0,
    "field_named_count": 413,
    "field_carry": 0.25,
    "resolution_score": 0.875,
    "total_fold_events": 1024,
    "imprint_sum": 0.512,
    "imprinted_point_count": 509,
    "lattice_imprints": [
      0.040071,
      0.21239,
      0.130498,
      0.212405,
      0.187122,
      0.144981,
      0.224935,
      0.145036,
      0.224949,
      0.307551,
      0.12053,
      0.269348,
      0.209884,
      0.127804,
      0.207765,
      0.127813,
      0.207779,
      0.127821,
      0.135087,
      0.22031,
      0.223852,
      0.48361,
      0.287303,
      0.117845,
      0.232854,
      0.186027,
      0.125119,
      0.20314,
      0.125127,
      0.203154,
      0.194521,
      0.132402,
      0.215684,
      0.251474,
      0.142326,
      0.228215,
      0.14227,
      0.228229,
      0.142215,
      0.122434,
      0.262169,
      0.185159,
      0.262066,
      0.278159,
      0.129717,
      0.211059,
      0.241436,
      0.139773,
      0.223589,
      0.139829,
      0.223604,
      0.266188,
      0.119749,
      0.259714,
      0.178733,
      0.012743,
      0.214711,
      0.127031,
      0.206434,
      0.196226,
      0.134306,
      0.218964,
      0.134314,
      0.218978,
      0.319579,
      0.117064,
      0.231509,
      0.214693,
      0.124338,
      0.201794,
      0.124346,
      0.201809,
      0.147063,
      0.131621,
      0.214339,
      0.195358,
      0.214353,
      0.287407,
      0.147478,
      0.226883,
      0.270396,
      0.121653,
      0.271803,
      0.121661,
      0.2717,
      0.226962,
      0.128935,
      0.209714,
      0.188932,
      0.13621,
      0.222244,
      0.136218,
      0.222258,
      0.240801,
      0.118968,
      0.234788,
      0.228149,
      0.234803,
      0.419287,
      0.12625,
      0.205088,
      0.182506,
      0.133525,
      0.217619,
      0.133533,
      0.217633,
      0.183404,
      0.116282,
      0.230163,
      0.187838,
      0.484667,
      0.360621,
      0.123565,
      0.200463,
      0.226381,
      0.13084,
      0.212993,
      0.130848,
      0.213008,
      0.184574,
      0.147315,
      0.225538,
      0.205807,
      0.120872,
      0.273563,
      0.12088,
      0.273666,
      0.120888,
      0.128154,
      0.208368,
      0.258175,
      0.208383,
      0.399553,
      0.135437,
      0.220913,
      0.192705,
      0.118186,
      0.233443,
      0.118195,
      0.233457,
      0.18348,
      0.125469,
      0.203743,
      0.227515,
      0.0,
      0.216273,
      0.132752,
      0.216287,
      0.18628,
      0.139992,
      0.228818,
      0.139936,
      0.228832,
      0.300971,
      0.122784,
      0.257851,
      0.191611,
      0.130058,
      0.211648,
      0.130067,
      0.211662,
      0.130075,
      0.142107,
      0.224192,
      0.246331,
      0.371714,
      0.386717,
      0.120099,
      0.264032,
      0.185185,
      0.127373,
      0.207023,
      0.127382,
      0.207037,
      0.193678,
      0.134656,
      0.219567,
      0.259067,
      0.117405,
      0.232097,
      0.117414,
      0.232112,
      0.130953,
      0.124688,
      0.202397,
      0.184317,
      0.202412,
      0.2795,
      0.131971,
      0.214942,
      0.22688,
      0.145199,
      0.227472,
      0.145144,
      0.227486,
      0.259567,
      0.122003,
      0.267485,
      0.177891,
      0.648773,
      0.23828,
      0.129286,
      0.210317,
      0.195384,
      0.1369,
      0.222847,
      0.136955,
      0.222861,
      0.222796,
      0.119318,
      0.254398,
      0.233081,
      0.126592,
      0.205677,
      0.1266,
      0.205692,
      0.187729,
      0.133875,
      0.218222,
      0.194516,
      0.218236,
      0.288748,
      0.116632,
      0.230766,
      0.237586,
      0.123907,
      0.201052,
      0.123915,
      0.201066,
      0.24535,
      0.13119,
      0.213596,
      0.18809,
      0.149593,
      0.226127,
      0.149649,
      0.226141,
      0.235785,
      0.121222,
      0.276711,
      0.12123,
      0.276702,
      0.391619,
      0.128504,
      0.208971,
      0.217146,
      0.135779,
      0.221501,
      0.135787,
      0.221516,
      0.135795,
      0.118537,
      0.234046,
      0.186995,
      0.520067,
      0.275945,
      0.125819,
      0.204346,
      0.244769,
      0.133094,
      0.216876,
      0.133102,
      0.21689,
      0.229415,
      0.137658,
      0.229421,
      0.196279,
      0.123126,
      0.253636,
      0.123134,
      0.253533,
      0.123142,
      0.130408,
      0.212251,
      0.245145,
      0.212265,
      0.432831,
      0.144441,
      0.224795,
      0.196774,
      0.120441,
      0.268247,
      0.120449,
      0.26835,
      0.182637,
      0.127723,
      0.207626,
      0.197194,
      0.0,
      0.220156,
      0.135006,
      0.22017,
      0.228834,
      0.117755,
      0.2327,
      0.117764,
      0.232715,
      0.282632,
      0.125038,
      0.203001,
      0.190769,
      0.132313,
      0.215531,
      0.132321,
      0.215545,
      0.132329,
      0.142865,
      0.228075,
      0.263353,
      0.228089,
      0.416714,
      0.122353,
      0.263167,
      0.184343,
      0.129627,
      0.210905,
      0.129636,
      0.21092,
      0.192836,
      0.139234,
      0.22345,
      0.246526,
      0.119659,
      0.258613,
      0.119668,
      0.258716,
      0.177917,
      0.126942,
      0.20628,
      0.183474,
      0.206295,
      0.280841,
      0.134225,
      0.218825,
      0.200968,
      0.116974,
      0.231355,
      0.116983,
      0.231369,
      0.219212,
      0.124257,
      0.201655,
      0.223847,
      0.482899,
      0.277182,
      0.13154,
      0.214199,
      0.194542,
      0.148073,
      0.22673,
      0.148017,
      0.226744,
      0.209632,
      0.121572,
      0.272801,
      0.251469,
      0.128846,
      0.20956,
      0.128855,
      0.209574,
      0.128863,
      0.136129,
      0.222104,
      0.193673,
      0.222119,
      0.29009,
      0.118887,
      0.234649,
      0.22303,
      0.126161,
      0.204935,
      0.126169,
      0.204949,
      0.250764,
      0.133444,
      0.217479,
      0.187248,
      0.0,
      0.230009,
      0.116201,
      0.230024,
      0.187022,
      0.123476,
      0.20031,
      0.123484,
      0.200324,
      0.363951,
      0.130759,
      0.212854,
      0.235534,
      0.14672,
      0.225384,
      0.146775,
      0.225398,
      0.146831,
      0.120791,
      0.272565,
      0.186153,
      0.678407,
      0.277286,
      0.128073,
      0.208229,
      0.254582,
      0.135348,
      0.220759,
      0.135356,
      0.220773,
      0.247803,
      0.118106,
      0.233303,
      0.179727,
      0.12538,
      0.203589,
      0.125388,
      0.203604,
      0.125397,
      0.132663,
      0.216134,
      0.230589,
      0.216148,
      0.41931,
      0.140531,
      0.228678,
      0.191398,
      0.122695,
      0.258952,
      0.122703,
      0.258849,
      0.181795,
      0.129977,
      0.211508,
      0.196352,
      0.219919,
      0.297879,
      0.141568,
      0.224053,
      0.250924,
      0.12001,
      0.262931,
      0.120018,
