{
  "_schema_version": "1.0",
  "_description": "GCL geometric field state",
  "_saved_at": "2026-04-20T06:27:23.429067+00:00",
  "_session_count": 21,
  "_total_prompts_processed": 202,
  "fold_line": {
    "spin_phase": 5.582493,
    "spin_sign": 1,
    "coupling_accumulator": 0.4975932098765433,
    "field_persistence": 1.0,
    "field_alignment": 1.0,
    "field_named_count": 263,
    "field_carry": 0.25,
    "resolution_score": 0.875,
    "total_fold_events": 144,
    "imprint_sum": 0.5037,
    "imprinted_point_count": 512,
    "lattice_imprints": [
      0.398993,
      0.482576,
      0.384702,
      0.394737,
      0.41747,
      0.423486,
      0.459949,
      0.4043,
      0.465044,
      0.400671,
      0.351519,
      0.444765,
      0.517731,
      0.39931,
      0.509963,
      0.515758,
      0.442723,
      0.13598,
      0.449221,
      0.396639,
      0.350439,
      0.452198,
      0.397504,
      0.401139,
      0.515704,
      0.455268,
      0.405254,
      0.448374,
      0.499399,
      0.431365,
      0.484538,
      0.458301,
      0.345817,
      0.427024,
      0.308709,
      0.384093,
      0.396393,
      0.392074,
      0.123327,
      0.451315,
      0.448914,
      0.476588,
      0.456314,
      0.443101,
      0.452193,
      0.475199,
      0.501996,
      0.382302,
      0.48438,
      0.407993,
      0.43963,
      0.485892,
      0.389382,
      0.449356,
      0.369057,
      0.39744,
      0.375969,
      0.364678,
      0.515665,
      0.473463,
      0.417051,
      0.486944,
      0.510972,
      0.447206,
      0.550059,
      0.482177,
      0.341305,
      0.37687,
      0.383867,
      0.389898,
      0.382754,
      0.425957,
      0.198279,
      0.443549,
      0.503518,
      0.497603,
      0.45998,
      0.557177,
      0.481036,
      0.37256,
      0.501396,
      0.361417,
      0.41836,
      0.371214,
      0.370049,
      0.369382,
      0.441531,
      0.479407,
      0.378626,
      0.422332,
      0.394144,
      0.44844,
      0.511264,
      0.478026,
      0.411015,
      0.433654,
      0.455428,
      0.411852,
      0.534345,
      0.456097,
      0.383857,
      0.376675,
      0.437774,
      0.395732,
      0.384428,
      0.455458,
      0.412167,
      0.39294,
      0.428091,
      0.504011,
      0.41187,
      0.586564,
      0.470548,
      0.367924,
      0.423948,
      0.332907,
      0.4521,
      0.387219,
      0.41447,
      0.39751,
      0.407825,
      0.55922,
      0.438881,
      0.467062,
      0.485981,
      0.472837,
      0.474853,
      0.129048,
      0.377965,
      0.361114,
      0.324763,
      0.352387,
      0.426856,
      0.41142,
      0.397576,
      0.382897,
      0.464478,
      0.402349,
      0.389788,
      0.450085,
      0.355548,
      0.441704,
      0.424482,
      0.540587,
      0.396606,
      0.518404,
      0.480152,
      0.399423,
      0.422932,
      0.407891,
      0.424843,
      0.401695,
      0.419393,
      0.418205,
      0.353877,
      0.523662,
      0.506664,
      0.3929,
      0.515821,
      0.554568,
      0.453898,
      0.148063,
      0.421979,
      0.382747,
      0.380033,
      0.385645,
      0.39915,
      0.410297,
      0.492688,
      0.384193,
      0.452048,
      0.435517,
      0.508567,
      0.47835,
      0.4679,
      0.438127,
      0.408251,
      0.439641,
      0.366287,
      0.388659,
      0.388396,
      0.396764,
      0.223224,
      0.468431,
      0.451088,
      0.378621,
      0.469222,
      0.435242,
      0.37737,
      0.544687,
      0.482877,
      0.396481,
      0.506244,
      0.510272,
      0.453586,
      0.470007,
      0.449939,
      0.433512,
      0.346287,
      0.375489,
      0.38605,
      0.417083,
      0.504603,
      0.444601,
      0.407177,
      0.470629,
      0.551154,
      0.452606,
      0.51587,
      0.489698,
      0.344845,
      0.357777,
      0.326583,
      0.394549,
      0.407715,
      0.402408,
      0.464909,
      0.416759,
      0.451625,
      0.488782,
      0.44517,
      0.46783,
      0.453922,
      0.457345,
      0.497077,
      0.384951,
      0.482872,
      0.369687,
      0.426019,
      0.487309,
      0.405465,
      0.467001,
      0.364354,
      0.428944,
      0.383062,
      0.368708,
      0.533203,
      0.520945,
      0.410792,
      0.426022,
      0.485767,
      0.44053,
      0.571791,
      0.496231,
      0.352853,
      0.411376,
      0.380214,
      0.404333,
      0.370328,
      0.44646,
      0.130667,
      0.439846,
      0.498961,
      0.504064,
      0.391463,
      0.551467,
      0.492613,
      0.369237,
      0.48423,
      0.331531,
      0.422899,
      0.370437,
      0.367166,
      0.381606,
      0.430397,
      0.479325,
      0.374442,
      0.449172,
      0.405316,
      0.469716,
      0.496396,
      0.131302,
      0.383859,
      0.420255,
      0.411019,
      0.408748,
      0.517847,
      0.393117,
      0.392316,
      0.384597,
      0.451466,
      0.411187,
      0.375684,
      0.461495,
      0.387283,
      0.400112,
      0.440785,
      0.526167,
      0.375166,
      0.567724,
      0.457955,
      0.392496,
      0.418993,
      0.374543,
      0.379081,
      0.376627,
      0.420382,
      0.42162,
      0.391032,
      0.537296,
      0.470321,
      0.483197,
      0.504313,
      0.535937,
      0.442673,
      0.13691,
      0.455531,
      0.362394,
      0.380337,
      0.329892,
      0.388113,
      0.425849,
      0.419212,
      0.385625,
      0.465957,
      0.398858,
      0.46957,
      0.451921,
      0.364421,
      0.407737,
      0.431932,
      0.511688,
      0.38057,
      0.503695,
      0.373739,
      0.389701,
      0.416349,
      0.411708,
      0.425236,
      0.401274,
      0.456785,
      0.422487,
      0.353656,
      0.501627,
      0.460952,
      0.38577,
      0.506151,
      0.52289,
      0.455297,
      0.484235,
      0.414399,
      0.372208,
      0.382553,
      0.387927,
      0.375554,
      0.42789,
      0.500418,
      0.386991,
      0.485868,
      0.471764,
      0.534582,
      0.512119,
      0.486609,
      0.4794,
      0.342274,
      0.437899,
      0.365956,
      0.382917,
      0.398135,
      0.407094,
      0.139982,
      0.462079,
      0.45608,
      0.428128,
      0.447019,
      0.412432,
      0.427115,
      0.497127,
      0.503878,
      0.389376,
      0.470763,
      0.465289,
      0.444762,
      0.480727,
      0.463273,
      0.446288,
      0.334422,
      0.395689,
      0.357659,
      0.371337,
      0.49642,
      0.453161,
      0.427125,
      0.425446,
      0.526321,
      0.445323,
      0.593068,
      0.467194,
      0.374427,
      0.393535,
      0.327144,
      0.395104,
      0.372511,
      0.435554,
      0.121684,
      0.417874,
      0.491238,
      0.480052,
      0.488556,
      0.532641,
      0.469032,
      0.440436,
      0.490562,
      0.370752,
      0.422268,
      0.35275,
      0.384813,
      0.422188,
      0.401942,
      0.467475,
      0.360009,
      0.467415,
      0.389126,
      0.375533,
      0.504147,
      0.133556,
      0.403533,
      0.426447,
      0.513255,
      0.42195,
      0.545537,
      0.475481,
      0.36171,
      0.415838,
      0.414523,
      0.403043,
      0.37774,
      0.447841,
      0.422046,
      0.397472,
      0.492135,
      0.524385,
      0.358335,
      0.585296,
      0.483606,
      0.404241,
      0.426465,
      0.339343,
      0.409057,
